walletAddress,amount
0xF368d43f148e1803eC793670183b0CA6a07d3898,50507582313082697510254
0xD14f57283D1487f7bec9A3B4cCfed80930BBc91C,20317478484012659464497
0xd35c3AbEa8A6EDc0a5F51c50f086514Ee8856E03,5954037670443641218299
0x6871d8167BfE94C3851415928E8928a097473C80,5412397165374152791628
0x709c24e96E17E8A0FAf8B2Cc81026e90655dF5B0,2067615075879302821704
0x74EB390C06a7Cc1158a0895Fb289E5037633E38B,1963339031806191997021
0x9E406B2c2021966f3983E899643609C45E3bBFFe,1580587013703207276194
0xf22B3f64b377271BA34294810528E80739BcA781,1335489063831500288870
0x6Bd0E7AB4Ef8543460858FA69A22e6cc4bADe8BB,1169754006313449053778
0xCE15503ea91DeA2B4c59d7aa6354627EF375deaC,1108527068575113162296
0xbAbDF82A464A73b481Ee0A13422d3C2cbED96433,1076249923790695447678
0x1aa4a66Ef0cfA99cA9D39FdAD2B05489744C972a,1038701226052384754439
0x4d8cE01aaE2cC721dbfbC9D1E181565640BA925E,999951628746703477191
0x3F9AF3BC17b56B304b98bE83bE0ebEa40077779b,995781324247368957003
0xc697C04F4E4db1b42032f83Be95704bd4F629090,765064095488184648275
0xCc1ca3605F8D4863aBd634E0Ae9577eAB5072b76,747310774691688038729
0x4572Ddd29Abe2CA08FeD89426668f1d54C479cb1,746736302942168208574
0x4DbbFfE9D2f370821253cDE30EDf731C7e185818,689733157502477979506
0xdb151D459240948328093E577Fa3d8966e52Ef78,647700500127539385176
0x1B921FfF55439b6891aE3EBEB0199189a3CC6496,647204279883362573855
0x110381B4aB9A56C206531431B69764AAf5b30D38,575286545311764257349
0x393ED02c3Ce168dE42C4a2342D9979fe95d13694,554024422094802616812
0x7170b89DD46aE7e59cD9357415763E7110E0bafD,534964142622898179980
0x17e5757321Cb0A15D3020A3a3F0C46272f81e3dF,532873243867139308350
0x19BD55306174e2c493f69Caa57cE94ccb53f849F,531033381976701662097
0xfBEE04a479FaE640fA7275071483061660371aBC,512865759401313766830
0x55a4b9D0d94B2566197E52c9e39212C052b645F2,512309025949199167371
0xc9741fAeeb18095E3Fc256c07428D2E6094CC103,510443756042816175977
0xa0a77A9262d1771cc6f6126ED9665283d8185dcF,502084848991446449418
0x921dd5170CA46f407DBFcd3C90A1987C817FDdB6,488571884205327194195
0x8E13649613B774Ab67D1C1eDfc22a2202270fD81,481874761650747359454
0xFf2F1e53003329fD8499cF3dE164bB03bC615F0d,449713931660182709038
0x2586697EB0d385481e103Cc3375815ef74740160,436384925304792602674
0x7fd4bF7c4805167a9842477e3Cd6D5e3429c81fe,431303119311004991232
0x76714c1B61740353EC90bBe4F344Ad32b2F83030,399713832385942737346
0xd80052001B9F9F8D018dA9e0e07C0100dB157343,394416300867205563918
0xc3d73D30368F975F452478651f8bB266c9E9B25C,388178144462364798528
0x870fE83C9cFD47d463bD20bA826045cdB7dAaaDD,387413148843149770073
0x7467f7CaF8D9093134d66048B217936cf4Aa168D,357870800967317961749
0xB3916fFc407B03D7A1BA7478CC2bb53f4011da52,355012726839298181858
0xf781f3B66DA7F19B7829b5C93dA9A01523938497,354503718006194048940
0x5b721faceBFB99F624E330B77cf7bCE2c8AB2a80,344277833838550805012
0xe08C0cdEF1E1e7797EFaf0FAf22Fe6251420eaB5,341939488364853559688
0x72fa8dBc48F148357Ef41da079632CA5E5915223,326518182003934953173
0xA10836acD81706214FAc6276337fb5b0049F62dF,325100432694174344306
0x0ab94C79F986bBf77DF888Ac25e348cc3D7C9aF8,323461029693631871851
0xA1F667AFC5A6f37674cb12Ce4B4a1ab0A9DF8a51,308276764604861170938
0x78e2f1dfCFF635406Db50f9c2d1F564575203b75,307766173800454851062
0x5c701B14c3373b3B457c2526A33D60DE8140eF73,303157955043434185427
0x7b29C3F7648e825a774A89463a35AD1b5895C490,302700604952867877273
0x898bcEb954ab41001FE6AB6d6416862527198888,295697532838554479895
0xd9ae5637A512BB124de1AEaEF31de3Ba89318531,292992994727047232573
0xd1327c2e2b63B8f0E51D3e1218F07A332230e4ab,292735375563840648283
0xFB9e5F5874565A6eF8FCF1DEbc4975501331a8Ca,291934477024785508092
0x5C9dE63470D0D6d8103f7c83F1Be4F55998706FC,285086419304010235010
0x10192C2D739090758eE90Ac85E1C868FD3F2B82c,283562917397401065500
0x3cE8bac10dE98b46E6ef42280BBFd30a601F87b3,281608439677767933063
0x293dDeda5a3673B8c8D81209B8e882e38f83D6fa,273381534747882483316
0x80b3D7735bbaa17B27D45Acc17c3c233c32f4a59,255537207784232634822
0x807e6e0f7b06c83c36d890f83C897d83413ceA80,254500532073727100624
0x3f1ADb91ffE32746d124512a5636Ba964e9d2FB2,246511342681787908759
0x57B2bd8197E092afC80a9B8BEdF2882489C95FBC,243716381558902895677
0xd7Ce7C7695d3DDf112e0c91BB643ce893E17a9a2,240687829848986751813
0xc494a87A34F90C6CBf423776fDA3c072edB42a65,239218605372682787902
0xd1a4B84e0DA530A29fc419cee9a8a1CBbEE23586,231345544116946882696
0x8c3De1634251D1e51C28844391FC9c11abB9F5E4,225610840906586304300
0x7c937Ae25a6F616CdCECDbc25eA6C21B6BBDd478,224540479644537100512
0xF14F06bc7665c8DC9FadCa7f447670cee7aDAA35,220692840438890613086
0xb5af0F3BD259e93803C18624A39e269Ab2946cad,215097020752221965267
0x5afcFcB4158e484da49d1ccBF4a77FF3bdc5FFa6,214679207695740757345
0x6459C64E5141042bc309A90e2400d2b779b18A09,212201751689366091114
0x15Af067C95E4777786D676d43aB7852D8e688705,210567424859261564052
0xd82caB6EF8818c3D298657227352c6688cE9Ccc7,198449050222604512328
0xc677a5dA9CDC11eBD162492DCD2eF50c25995E43,195963388357044806298
0xB609099b6BBaB96b126d2542A8d521D6ECf448F0,189791770453230355997
0x3E9Ffe868EC7283Af960FdA5F0cf352352f38460,188799303946731583892
0x37130086691ae900e7ba22936937c31c8164788F,179663125554154078145
0x6f2Cd514F338Afd602B7B24Be4BB65E5CAdE8287,175864588303900887922
0xafa4ECdad61790261eA7D894dFc38a73214fe52e,175848966708117700364
0x89425a801dbbacD4562638161198b6d3b85A314c,175502938165350798272
0x9EF171A8C62Eea6455830Bde5de99Db5A7cA5119,171300951243778882827
0xf859Cd2724914e352aD442A9Fd57b63F53910c02,164224934593598760557
0x8309378b9EAb6803709dC9BD3B3eF0BF1DbAA05F,158341247526989576500
0x9AdCF58Bcd59a4485Ad2f367Be509E4BBb536e06,156522913146606299506
0xA44609a4cbAFcD820A8D98495567d13b58191a35,154715941115370270609
0xFb28996C2176B3E7870455b5d1f688Aef2cED104,154089860644952153734
0x56F257E40b9382A0699249F888747056E950904B,147193179069752972055
0xB6E9c54C90d02DAAC28dEE9fB8BE57a936cb9cDE,144063041022926313417
0xE003F0340609D901C0aC0903f5F98c9B2704e8FD,141414542855242501673
0x23B311cf3b36f5500635fd6589c15A7025F80C62,140942130440829600957
0x91d0E43af65D61fCE0d5b3e36d6E9B2d9ECA8c16,137769341436685607505
0xde450Fef8EA2cA18b850c9567458656a13da3110,137218355851134276691
0x20414830660BD39e6245978452ce4AC188524100,137087821465151733946
0x2B0a8e83dE784F61a7310D169AF1f335e17af617,134735100681660554756
0xDbDe83661eFd44813667970F098F8Ff4ce8549Bb,134655208538171535793
0x26C9FA75d8B01836474fe28e7ca1a472C2a25C29,134480382489039385518
0xCCC5a04D37f855687f193B572F080c203260aD21,129502120035184702829
0x60F9D2B210A04B56b142C119Ee628Cd66f20E333,125465424330914956386
0x18F08ba90C58fC84767568b5D26b41fCe2aF539B,124596999442355098608
0xcc212a9Ee3B1E79816EE767aD6EF91D68712FCA1,122868088455502302736
0xc4a4b7E3377cbB8EafdC2f078A6c3c65667B5630,122805805590547507222
0x451248229712D6F207ff9466d8D3A33CB59d103c,121197016200908564088
0x8270b9d82FAa63EB6fBCb09B7a24b59Aa09E1A51,119939754389718061134
0x95Cf35Fb32e488a90a7fa26536199C59Ca98301A,118609350712411568907
0x847395389B6A4E405588d6b73DCFa24e19659B20,118410935129036658964
0x5113C808B16Ba48a199E393de0670721b93bA7de,116941523024189876878
0xFC29a81CF8808893bce62b5D8407e63A469f8C4b,116915794542723403993
0x64eCc4f8fF76E58d7C2245f34d32B039ebF42bDf,116388036666871414582
0x10b052D790Bc65963443a098090c6ec7Cbb08cEE,114844636283170245861
0x255cF084E7e3A55F242527873Ca8076301dB0C2C,114346214142929170521
0x5fCa19b03400068eEFcF9DBB5398C7F1Faa2F870,112479612690362330341
0xe5DD482e6C050e18eC2BABcD50640f2e3d4ca11a,110516827540597120105
0x896930E77cdF937b26aD5fA0f8E5957616F496e2,110452440541610897640
0xCA6C597822af51210920eA02e2A681878036e4a3,109071244885988718920
0x29FCDE819a2A79be808f39ACB38d0A79Ae42e42e,108116578803691339772
0x51867e7EB94D9AC712E47a3B1aA118D6869645d7,107991169486867619298
0xee43FE167ef361ceF997D4A0A87B075626B457Ff,107414403119198638592
0xe2709123173aC00F72dBBA4e9ACB6Ed91Db81513,106995419949298295137
0xeC97f290B3Ac5c6e1a7c738f6f535C8677d35004,105379166463370438578
0x2818A14EE8924185859DAcED5d3B7de2655b2d06,104113492237614437386
0x50Fcf1F4bb0c354e5ff9C236b9920d15586BE9F2,101776482087479180905
0xDC6001cfff27Dd67d43aBf21Ad5D41aB4aB1d415,100117218932894971317
0xf34ffc80a12214a7246065770A9b031e8DD14611,98200237280250135541
0xCFAb6C15847886C9e1CE179cf6908A63858B1363,95523842472876978604
0xBd112d3E2fbb6aCA8A1B7720938849311b12C0e5,92445897245881269555
0x3e00aEe52066ee270f8BadF0B5bb41993f057321,90200522349709387981
0x707988Ea7270B66ca77F14E33ae0F88c59a9Be02,89612439955269735492
0x113DB1769F60415d7CCCB99C1a18ae40b9f04e6f,88689395030409940546
0xb36008E639d13C1AeE74d47dF7Ccb5a07ea74A13,87942408902835921936
0x9fB59A5Eee33709B8EbaE026600c8133dDEe3Ecd,86735849045516900446
0x037EEE8Fb6C477D6D6fFc016ca01964Efe477680,86651675476374961704
0xaC6e4c4D8f12a15b66aFfF0E69b7767BBbfDB3d6,82897700881329370759
0x9b560604691B60fB6dD7C4D3E585d588cA95dbF7,80375150887955086887
0x0C41B769bDC9078BA2DA2dAC1b7AfD2017ED3dE9,79422843491775893199
0xF1f05FE7Df3F0ceAc6DC47A9D58B5842D5761539,78945066998798708369
0xcc2feD46B8a5989084F023C35e4276273e9915B7,78587963153978762421
0x537b6F941ce307aB8c99a3340Ce137197bE5225F,76767684202365657598
0xdC6e90818A0aEE52baA97f1518B835cacB87FDc6,75260235764238828438
0x1cBb4FcD76B7A70F663b02de79fEd31600341111,74425498211848818642
0xc02D844Ac1c21991d32F09ffb75e7B3e09842eb3,74264542864976945680
0x27748B846e624C54953037c069978E2d282F3878,73338175437647123545
0xBB602c0a4291f6ad0f08e6EBA8A5e7f5858175b0,73240025107641884006
0x063560D831876C9BCebdB1Ac48D81815e45A0Ab9,72972874180193144866
0x07A5114Ba8957Db92A8714a0f536B13C432B9fB7,72532220416398075713
0xf76E055826a5F73200f05246296eBC88941b2e01,72066490307585780783
0x5C33758F9F137869aa859E0293D0768743e6bc1e,71887270668393952633
0xdf6e05283452b50eC517d84Ee8353CF626c47c2C,71361676911442742721
0x5A02e6F4E9c9Fc27A2A24a3FB78a6CAcba4a7D99,70740501220261293724
0x3d3DDdb8336b25f821725d5D64e7b9876dC0e99A,70630760735717643684
0x9dDF1B8D78d843Af42bf0036EB3E59fFC9e181b6,69730906429480498332
0xCa6868F11a099295Fe7F3BDD705d2d7a1c2214B7,68991787470564119644
0xAC4bC0939aFF9C5ab360d3C88E239C672D50002C,68821412007333734095
0xf40020D82C0a8819B8F542084cB635F764e72769,68410869419220475152
0xdE202A54FF0B28114999942601023d59232123f2,67122148559584402960
0x1641c358Bb17B439D81d8861BcCeFc77d5f0AaA2,66937243466026870919
0xFc7937A50b26d6098A1BCAa8dC60C4C6b2b7F017,66617107744743805142
0xeEED2e4c442708C19A99b9F27090b861d1396f14,66507419711629680137
0x2c81a1aC938C6AA78551C226728Bcd10C7092ccD,64879602810965209869
0x47940f6992d9D0C9d96E412623A75033285c2683,64524515770772040923
0xFc02deFf99aFe89D34C06C343E1D742354b7F075,63981174157426451643
0x7bD7cbe21B9df6f39887A8Ab9F5eEB1257590Aff,63664842749265638133
0x69FD2e71FD7AdbAF2f62fA26672235953D93492F,63057681359975845226
0x86E9aa53affC49aC97a0DEdd3c8E7Fa75498F847,62645654476098911800
0x0967462E71b5263e5c604bFcE2C58406518a30be,62039812116851059898
0xdaeC7161DA92f7B5584334e71D4ef6C005904469,61913943250753490588
0xC1f59E072A8E75e911171D6E8E5B17CA19f4AA1f,60888125935800644584
0x62a74e385caF53b8778824471a29B426f365A47f,60837990554176890612
0xdb5cC2B34981712d6f0db608858093F40c6Cb3B7,58958309156807615636
0x541f88082d244c387AC5C4Bf60e88CAd0f503B60,58405483850988787253
0x6EA241Ec794299f8aB605Ea38950930041632502,56197167531924442585
0x6699ef93Ed3bE59426ec9370B14FcE9a270AC556,55004680945790568103
0xb38CB828F680B3919fE45EE557E180F19C89216e,54687055727964839491
0x7c9c5056dFbd05BA257f25A825959fd4c7444d5e,52101563832254456088
0x324c7200396B01f2bDC8F349f9d57E3d16Df40dc,51679636374506777940
0x535b3f552BA493242e9AD32a292c09D47fc1e155,50647093512313666963
0x1A0FC67851174E0430f6B0F724a003eC04423658,50465679232894821382
0xC9669c737B4E7E9163BA4960Abbb9FB8fEB28bF4,50434143925610172232
0x723265936ec47139d543c63f081dE65e587cF5c1,49948408528394814709
0x27510c76CFc9bbD101d217f59D73C3b21C140F2A,49595451685480945514
0xe0A2DDD4840D43fbDdC1a8eF74c6CEF50279b4BC,48491001388872554401
0xB222752FfE62812ee77AA06F8F7d3aFA768101E7,48189232836508629987
0x6be99217c86D8Fb15C8284781f84793abA668966,48126652145814205142
0x9957529513567997610B2eb9f4c9f0DEC81693DB,47845202756531655552
0xE69453bD9Cf83f7a3d12B5bAA2E555D76A0c8947,47090338036525025700
0x8B9f25051222BA237f8fd1Ec17Ff20697b298412,47041062926756424645
0x256DC7A9CDDAc88c9C80AF0445eCEa056d2298dD,46179521815770634419
0x3E6daD2a1cf1F6E3FbC70358f1562D136dB0D8F5,45912504008246308729
0x93086149C0aAF7508102072f56220C1d0214De4E,45631893558199926986
0x85a9CDb1A78F6a3ae6013A1Df53B5E886Ff2b1EF,45330546744700022543
0x2122b6D09aEcBb56d56D94478ebeFeFb659a6b0B,44947809780634671029
0xEd8C7b3eEB4A4914BcE32E9D34Bca84DeAC1Cf9d,44637424944626680201
0x0Cbab1A15Ca58772eb5e63A297940702372CB83e,44515907980699019220
0x255d297864377bD4F4BEf1c7a55453F986E5201F,44292706457901310557
0xac3De5F251D8EaA3545f34B927729f8195E66F56,43927984134551408602
0xbaFFC54777dA9ED1208470395114dF04407aD032,43800078479965165457
0xf870D14a6d493b465BBBC420Fe7072b840654D0A,43369651854636266819
0x62e68bf1CDfd251899EF08Fc05c824aF42c1e9bf,42642009682357731037
0x495690EcBD0D835815e13c0DC63F3e60e04601E8,42569299645558722034
0x34ceb74203B521034FB9D50afb8CDEC43f5965C5,42167080767302955735
0xea492dCdF98161a37A3BDd83c1067c01ebAd4Ad8,41448529446908651153
0xbae3BAD311A211DBc19C14a5D2995a9a4741abc7,40829990985697847350
0xEE0f7e0d3B44c9a1F763aac07b44594198d6DDDf,40470885337753635724
0x62D06E4F994425c741A8ca9840559B4eD229dB7c,39870750594441894066
0x2d1fC76C3ab788B99e04D14FfDBd4727D20033eF,39708734311528388616
0x15Ad877866A67f482b147Ec031D40baef7C37163,39483547958611822537
0xe46A908D8E4867a453c8422A7b23099252021baB,39385084817267639323
0x2835DC657054cb21A2A11A280176d2DAfe1788A8,38820830561928723057
0xd9E82989436c279e820F7220797fa5DBAf05342A,38634377034539923557
0xC332cB1CBdF161601E483B2aA9832219778C9a19,38167799534365833836
0xef0e14db1eec3212D6496c675AEad18F367d49FF,36208686057083603771
0x3D9af0D60F68c54deB3e1Df06C0a75C71B6c3EB5,35271133002179780647
0x4E656F0a06c2Ba4836CA403a83D669a3550cBFa1,35206178081529692747
0xa07Db0AF6Dd5A480991e1a3930DA6dD3F73A1Dad,35059013143021886094
0xCB154f36e69Ae26A96942f7A1Ebaf3D181A082Df,34829371142803488226
0x79622584728BEc8428B5631aBB00A5DB22E9E26f,34735749262757693145
0xCAda30F8bCced440e65f49a314a3f56acA80B3Ea,34458806996764117514
0x171965a4A03177064f95B03fEB93c9520B529A69,34365190482811286188
0x8b9b840f559498B8181D44175d5cf13E6bdBe189,33519291459116125509
0x90ff24BbBb9bD656e10305e021e9ba0a4190fA14,33505323734051394524
0x0241748E91614C9B3eCFA15E6bC6DE7882E00985,32692696994561408985
0x6a4503e91A9bBfe35f3e8862051B301f8025E3D2,32607543016790742740
0x6Ab76dA35Ca368D853c6189684cc8fC5953f47AA,32552830004483951143
0xC52E81Ba006a56CEf988073778e42F657b85dE86,32196620617563404210
0x39A6Ec1d7989b16D7733dbd726a4cD755DEF281D,32049412335278553599
0x77D197E2DF8973c70CcbA5d99c2Df36cb10D5a2c,31258401293205903215
0xa087864f084C6bB30E0B25594e6a4A369D884399,31245968043585985896
0x5dF3EE425fE4F7903cfEd113DA02D2730d5Cec01,31193379211697020992
0xEfaE4e2338dD4299E0b31a69450F5073E605C451,31170222510692816797
0x9eE1dB972EE0a677c85729310FA6619314a354a3,30885138437618401497
0x1cde480B90649B839852F5A870B38ABD1D647422,30810307010007388584
0x68bAF6CC8910218519b6E8AE685d6e1CbB338A06,30759406521358410913
0x6e59CF9A5FB122686C409F65472d5155452306b3,30662202258597332616
0x9Be4fA009dE3E127220A9216605Bc7F6d30f97ab,30365628132710277498
0x0CBD39F71c68DFe81a89D39C24100F44374282D7,30339203212409373123
0x61b5cf770BD0D609cd8e026472e008FD3263825a,29407188079142663639
0x3eF4b90F60992f242D1B3fB97641F63f677cBB5A,29306589730935144189
0xc83518a319007e629BF5e1AAe8a290d7Ee0315ae,29098336583700238123
0xEc30A0Fb65C4332c6fa09C2Ff14254E72E82997A,28796601408261143007
0x7fd7E3A3D6e9a9717774818E586f869691f0ae19,28554405488645752342
0xd60eC58e0bb0a2dAe079ff32a0Fa417Ee78d0Bc4,28489778919899638510
0x41602a92083E044a4570BC98E291A3DF836f4FbA,28405151918399077715
0xd62902cb56A89D0591d46635837fE416220b56D8,28329024249200760011
0xADA2308a945798Ffd12526d8f35d67DB12562273,27283389055734669881
0x196213c63dB2819c7188dfE9d264afcFE1841AAe,27100765623594465836
0xC6Cd87ffAB49c9abf11c5903A6287C0DB129E391,26979159255066807788
0xE8b1A6E9376e238cD0b3FF131c42967726275Dd0,26615079392866697106
0xaa0C6B57caFf5D97756DfcD5c068acDe5d24CBa3,26255506485798772331
0x13AE5042d3ABe5371b6b24b73e57EC718222A4dA,26068310549454089653
0x694100343a5436520D0F877BaF3575F50c3340E3,25742262794824199545
0x1CF8dA0110F4cB8924aa4EBa7eF3A04430897C05,25077094973510487108
0xC6745e177dAad0AdAf37f3893CffFBC56052d758,24976248912564784632
0xb4F0690e3Adff4DBE76538d31bB8eEaB81831c03,24293485307821278241
0x5253752071AEAa485040b368ab6eCb49E3bdD68d,24036338683887333190
0xdb4C8B0FbCB9cdbD146697F59Ef6F457b8720fDe,23835284643740017430
0xf83C8f5aFd3d55AA74CEA7eDD9fB43Dc2e8D2EFe,23785114170636827424
0x1509d0cF64fe6b6EdB76Fa69e86f05b79e611D0a,23773808281268699716
0xe25BBaC6130A35A14dd4b57eF1cA42aab26Bc49E,23485288765002309219
0x3396A212719eD155dde3d3c3aF9BCF45F7D3BF58,23324980368222142602
0x791E4c2Ad3ea89f7183E6b010ac41E632a3C323a,23054364584264096294
0x803d46E5FAc75438A4fdd559479eD0971E92aE81,22635117699023759030
0xe65b4bcFeB16651c2d80e70E49425e51c670864B,22605238197955387136
0xBbd58b158dbdE6fB1f32A32437e6a30ABce72dc8,22512955340891767975
0xf1bAeb439b8eF5043E069af0C8C8145963ebc3f8,22485355283346663668
0x798f782d0E5dDf90dCb75d1D175e35d06B89a162,22147119145374656313
0x3150BdCdA1b41E0F2A550955839F6b2C723aD0B7,22028299124633441863
0x8ad9cb4354a38969962DFB994D6f6c648cdcD301,21754683229659164567
0xbf7C71DA9d7a14cA24E778C9B4F015373D4b0c59,21353592198737164409
0x7d79cAfD718237f46668CFB5D368BA8b5D254246,21319663563964937225
0xeDC6690FE190f8bc212F4f62aA7969F6Bd20Bb8c,21112083652856920679
0x062843F3Eca17FBe9AbbcBC23EcDAf069Db2d856,20273336099047341463
0xd3EaCF2ac7ba12B8E70DeC63bFe819D3526F66f3,20268811326550110863
0x162B2fb2F8658F262828E12D044390D6Bc6342C6,19925927974497092521
0x620a3445eF7Ee2cfE9Df78a55D321e48315Fe084,19729031133505408491
0x251E39B51Edf91b88393D13872E8E883F8C8Ff74,19636192396090187628
0x44E3Daf6bfa2905ea385cc56A4324819755B8FEe,19328770609423735038
0xC8499D0311CA31A60e11D58A5A7e4F1C24B95575,18429652537068040630
0x791F7179dD23AC94154c0D17CcCcB0e2a2625174,18416441469044404045
0xFaE53b889a6332009CDb4e6D48a35b36D06e1B2D,18227312827233944859
0x4B49DfEdD4A872F7b12F4A0CA42Fc1042bBF309d,18175161113970155213
0x2317BF81418874dbf2F75fF13222cD6d03b55e95,18170660321906122903
0x774aB75Bc5D08F30AA207243a6B32105F1F1820b,18113854378425862990
0xE2E741a07dEbaC37018aa550f4C49464e7e8Cc38,18070793145956439929
0x24A3FF7B288C009001c9903F9B85f0Db3840f807,17706718404914223441
0x6b1a706e199c6A80FD50b96fD68aB8BACBA2bB7f,17476229182819800201
0x53d4F70aC4B464349EaBd92C18Edeaf14F97043C,17012468360591146421
0x9574d5957dA719500502dcE0688358F34d845EA9,16917802482117686225
0x6DC56143a3bedd605Ead41DF0C6A5A1801c6DA1E,16589427684167421972
0x6EcAfCc3e08F94C8BeF48BC514E460A5D2a1962E,16240110445519459148
0x4F4bD77781cEeE4914B6bC16633D5437eaBCa5D3,16201134893730092301
0x3E853F7d49f68a8c86658Ba141a7b6742567DfB8,16118466271955561808
0x094B12A57FCF2C37E0b5898a50F372427812280f,15982147242486401950
0xc5D246D796c1fa229c3Ab5Fbf6c57CdeeE42B780,15957024352007584511
0xd97666bb4A92dB22CD7196f96cd9859c385C6029,15730046616067635767
0x634638911da85f54aB7ad585d6870D75d17eF277,15671824060665560552
0x90790ECE92c6ab1Fec014907BfBb356498F04617,15605205665998942877
0x68174ca4fdb483Db03446fdaA17baF24a0856a1b,15587080391596431994
0x0439e152D0Eb68E5080550a0BdDE647F5fbcd3E4,15542308826633639995
0xC5630E110596BC6fCa001461131c6CcA853035Ac,15467772835508576179
0x8dd5f4dD27D17c676704432533F0d5638e0c9075,15388988304487968506
0x4BB3689F604B282428f434A8F30ff90EA7d353ba,15320158175349661178
0x191CA6641E132c3121Fd3FAc6900086f1c9f6D62,14878508376855160478
0x960bE2bd12D71908BCfF9E99199A5bDB350bDA58,14752460597112857954
0x586985cef0d16fA99f70D224240f8536E47cbcb0,14743059504279749206
0xa467eda103eed80E52b3D8F11A9D1C62a48803f9,14727054776654723511
0x33bd8D5A4F40285Df90694CCb29d6f5859C3977e,14531646997342779315
0x2ba94954ffC65eCf1256C33665212dFC564F9468,14529890648568670741
0xc25E88989A3241B439C82d5fAb739e9C5CfA580d,14429428704177968967
0x59f695cC566a4b75b1a0651284aBCd7848A7848d,14384034030885718636
0x64874f2C70C125d300a1949Ad57CBd65d5921122,13958327310207421235
0x8A9e0FAB7C9dBdD93ABa8674d74DB0BeAe48eCDC,13943238664912097846
0xA52d7B6E922D9D6B6e32f3F613C1F0a6BF8559f6,13414613361095371502
0xBC34CB7C23Cf90508464D37eAC241613e4487eDF,13392351618808001845
0x9dcC66Cfda79d69f5F6aA3F461DD445c7F2D29EE,13286412578151354680
0x573Ea8E9Bc2166e6D80e4087553c9BbAc5515e05,13114097205278854474
0x6869E132Fc9e75B68a58e35e8B8F539bA6cCF107,13063912141410197520
0x8DA685312eEAd21eE74228205c93aB9798266621,12934220881396379710
0x61Baf9247340b788AE9392344e059CD760EE8C2e,12635575577851488660
0x7141113423d1659637234088bAA7cE2C4bdEb075,12525432141332217384
0x13A4aA5697b5523E254b4a4d77a9478138450B2F,12460477308771231719
0x1156D1857c1413f7464dff5B3928E4Fd467771A1,12435479494871483297
0x24E977c8A48863aF654653F5497cA240f4fdFD12,12331590178327358487
0x49D8E03aF99043D723C2c771fBf7cb45DbB05B3d,12187922169793505844
0x9B5F19CDBe1b7ba8A392e554679DD8dAc2CC2968,11891656673623254292
0xD1117580B77d35211b675c3C223f0a7b716e112C,11682572486352178487
0x4C669C29b88a45371dF27412a625Dd694F20d9Df,11365834562160362253
0xC7E9640329DF5BE7cD37106Ab6dC36A7004c1d85,11302084168852079671
0x484b5105d3CF0b90147e008844b72B1289Fa3a42,11287816034213959071
0x262DB7d7826da2C1B2c084DF307d3Cb87e6679C8,11280572657853783269
0x3A4a6A0e2fd9E44A37c4F5C9CB3d18E76564B4dC,10976576965589885049
0x2AF5De5887edACC7bd86c1784e321cb34D89F59D,10967875035914413928
0x74d27AD3b1DbD3842cdD53238fF92794113A22FF,10740513683520653387
0x7D5386B34e4aC9A5EdA051D68172769184F05777,10690956520160808552
0x3765f664a3ed8dCb4B6f890F824893501c42f6c8,10632919405733501250
0x9A1524E938EcbB8d51dAFA6DCc12c3963c2Fe03f,10434468707212239735
0xAE2adF9A0727E69b6F5105d183E684894a75d39a,10368003209385282304
0x886147aAF27Ee1881ee3D0f5900431c82858Cd0a,10364908351411219911
0xF92A0B81144f28A6174b1BBeE09aEe2FA0f40fA5,10225662400359999182
0x45fcec8f8c4C1182Cb27DEa28681CCA49bFE308b,10054929018142921393
0x1AfcdF6BA40D78d6f0224Ddf5391Dbc08ac71094,9815677445451877148
0xC2627aCf00295779525aB5289f9B4e54A60Fecd6,9722443025924073723
0x0B95BA5f55cdc0032A7De56Ab2D05E31b8C6D046,9706982222187887643
0x4c559E973C20282d06a6059fF8ddd7284A98DF0B,9628204312140432819
0xD8a30dBB3b8B204B6D8bb800D0f2865d07DC904C,9607647474106000729
0xA3A07F122db6f1723807151b4A8dFC83c57194Ec,9510494333840435743
0x44F3b506B2483223eB7C572315F5a42cF4A107DA,9472637487511219589
0x7a2Ae4Fd3854769A197Cf74810D3aE3116312522,9418960249362987369
0x7c917cD547264cA264A6d8482915F1b24bE29375,9277366355047405477
0x4648285699A21b4eCAEC36E8037dc7B85E4a3DEc,9003789213135295455
0xd1E59809ec5dAAA308Cf0097EdB763b5Ca55c025,8857071697721542236
0x5029746e786F4765921E0801632acd9e576F314C,8851305875578024285
0x511ba02512E586dfFa817D721fD24584b98E9996,8843816350010406779
0x1db633F35Bf7B9579B55dF376Af1D76aCe16d608,8833473552335354029
0xfB8826794ABb11d8528E3934AF4470DcAc7615B2,8820981842371260484
0x716A964041A6BE7B8E46eb414eF7F1c80127cb1A,8811968761332558131
0x557F1f3b1e658b01D35294D79f6D9fA76259218f,8712835047222416307
0x395Fc9a7B8B2371721aacEBA07cf7AE23F55BA14,8703226039342242260
0x3D79B7552E65d5C5b2fde81E464F3dFaf281b968,8642384161407758114
0xE9EA885043eb23Dbd74912818c427Bbbd4eD510B,8491332048307194569
0xc50E5f5e41b77374ad30d24De3A0e55269CC5e9F,8353406361474579711
0x84C9a48604b8CeB97294e31D2c12093b7359BD9C,8305432551721883883
0xcDB0d203BA6ef53312C56e3651430fBd46CAFd51,8279694447725265860
0xAF5FE2f18e681f81Ac73CEcE2BB18DaE3435aafc,8248953055701262471
0x32eeA875cF69fAb343C859E0ab709736b373386D,7988354149800467319
0xF6495B7770Bda0D6483ba800d22592d54819A7E1,7872556998951994345
0x15C3d6298743e3115DF3794f6Da20Ec4079d1eeE,7777416814449306770
0xC9782d4880DE737d48c75153B51E36a7B2475974,7724667381783349107
0x1cC1A15c88EEF01263E88aC6acfB0e82F10A3a91,7698308485610669827
0x263eCc79403DfFdE8237D7524e2dAc0a3A08Ecc8,7643045968973857462
0x7B5fC4C7eA34a4B15E4184cfC0Ab18bFedc2f5bE,7227657328307625306
0x17A56F361B89b07B27DB2d6a9b41BD39085772F4,7155821151788058110
0x095bfDBbaD0C1de8F7568A78AaE982AA895E3C0C,7092382518618970622
0x2C283C641190a43B593a7aF22864BF6Fd08D943f,7051390594640015053
0x7b5F110105f6a7916e93Cc138e213C796B780Da4,6978723716034994418
0x9602B49ee0022Aed8A089DbbbE3297bfdbf8f8ec,6891735400252693822
0x92AfE668E48aEE160C0ff2b3B5793229A632BA99,6872111119796930012
0x183A48331B4ee0d2253D7d23a4b1cbc10075b5Ae,6647842519859588073
0xb7a81Aa160CeFce671199dC815202FB948ED407A,6618608354809044414
0x1cb592b088F9b22C470B4A060d65226461FDb7b6,6607701337466851399
0xc789F494387F22289393942C8Dfdf374e6851EaA,6593022754978732358
0xDcf053C3fadC8FC76540E953C7ebeE03e5EC83C6,6497847732736538262
0xCA764664CD3d4E0A1D8408719c9689bE89d4f27A,6496528303663602344
0x28CF3C605216A841b1e3b77aad0c82D760Ed7a00,6491867269980662769
0x5f739785797e61d60d13D2E5c9356316ad29EdD2,6490516682209635846
0xb7873c18AE657ddBCc5b17C05Ba658a7043c3D90,6487386395543724760
0x201930f7B5a5fa20496Fe90411F7bAbEf35e94dc,6463127101628059812
0x6b2fdc60E0498Bd1Da074533f62C15E2059A149B,6458885365761399378
0xc0b961945c5832253c70bc346683F3be3F566376,6430282964318996264
0x4577831bB4A65AFe62D329f06FD162D45C4BCEE9,6390605602868798307
0xF2e5d6e6E4aecfe0ec0fc7e46a1d430d71706B51,6379468141486330346
0x1755829B59C3aAc0CD21C0e2416415407268Be77,6320067272467578157
0x5fd9d0417275A48a8512185E0f104d980EBDDA57,6287033870622458664
0xe88d2D7e13a71eA68A438b9FEdD6363bE48A0373,6273452404530799775
0x7EF43B46CC6e1bA8489F8fe75ffC0e92dE6ed420,6238620687074281967
0x4834eE0d3273a540B55B93FA8Fc9F7AED4b4a4ef,6144530615893556202
0x6E932D1a8F27d9E19FB12E6498a4568dCe255aB0,6126140985681034046
0x4bB2509976A0B9BC6Ce7422D53a316Dd03080108,6122745713385291388
0x6f4A9b3d7434465990722dd5b248101a1040AFd8,6113365620031579795
0xd5224Dedb11fCdb61749da7994F96b4F356516D2,6091679722896789606
0x6e5CDB1E71000FEdF69A30f6127A289519b1938b,6089024253115582042
0x05A2f3C2553A27F0c9F07a6e3F358F8491d08D98,6078651362672280456
0x4fB455F6aeBe09dc85c3A88d6071E4D9344717D6,6021040374131110262
0xCc9bD2BDfF4A835c11861C9B6B1061AC51f661B5,5908917308824479520
0x4FfD0A59a26cB2Aa76D403215e4cC2845C053994,5906450184005465509
0x568dF22Ec89d09a72a33c04c837D40ae69c7AaBf,5873618339860711579
0x7D8C4E296F348963481cc2703303dB077648524E,5859500622399298031
0xF0B5CE1989885982872F95c372a7B23C62f5a4fD,5750697274458896224
0x4a255958BD40132585DeacCefC2a84e0549893e1,5740577296949076036
0x5264f5112BA20Ca4BB7668A198e6169697C86f4B,5730099529889733923
0x32Ded01b0aECa5180a5e1ac470eEd396eef889C5,5703232018851302598
0x533E173BDb9f76560d556B17ff275225f4170E53,5648041464949263180
0xf2bFe672D4152AA2cD122bbC3A10305229e85B9b,5588658851537646299
0xE5F214dC5Db07b729A7Ba5dc6e521bA966283eE7,5511755986648800842
0x62fECeb52A56514a83d428bc2951A6E0f7fe116C,5498689538136486199
0x56BFc6Fe1C0345105A33cBBEAD78e09a28205125,5353207381341921867
0x58e936c08dFccEB8FA29f355d1dDBd4b17818A8B,5343270583232836657
0xEc90566E3d0F69C97e6F72fbBE5aBB75c0305769,5287320483199495769
0x8Ae7bB572b5581828446B7af3a8C472EFd57cdc9,5278873500529823737
0x3dd7F4a1520ED2FEBA22dDef599f966705845e44,5207548371562444878
0x0a15e97e4F9A71Fee6845969b487fC894145f0a7,5189361773382741738
0xe48ca52c1BD8bE1cd07f9e42F63F796165565e40,5187973106672032486
0xD9B35Bc142eFb6Fd9730C2Ca4B40eD73eFeE9507,5175520570570255607
0x8d02e580ed45631D5C8b53352add7A5154988b3e,5147676732667737731
0xAD6BF602F218a7b41221424858688B635Ec89239,5146507777804438355
0x60DB761B4F5444FA8455A5ddb66e5bA841F6E5eD,5131600229702504734
0x4282341588F94c158bFAA40AE2C9F3ABfdAc647f,5131373557957333631
0xEa6e95A3Ec15229F4B4cBb776E260c1BBaa62EaA,5130796646998623700
0x1730928237c5326518bC09937EC207682542196a,5118419412570740512
0x0Bd87495154D5431306d2B3b12621d59A41Ab52A,5076164139784839158
0x06a9cfb5D931B63215A21aB324CAba98A753A2C4,5012491463572144035
0x4b9F58cd6F7F7Aa69AC39D42D88E793eFb7891b2,4736793885030885498
0x4c008d877Add0112ce2dcfF3736805AF5B738969,4727974809823441760
0x87bD379F53E2E42bCcc7D4D0622ff6A1C17605DA,4715355127867033147
0x05724860561f60232d05d27eE409f16aC55A59bd,4709087388736798552
0xFcF12f81D3c87F7278809Aa5992Bf8D6E614D43b,4679516093408584432
0x541faf1Ba791977A4c8e842CE3c8fB26Eeeb1f3F,4656526690093766518
0x85D7C5775D968C32aC7939a5653bE4da67B3d77a,4656392163782159699
0x5B1576eEaE44BcAFcDfA62F8d788A470148fc4b4,4601012307514269928
0xcDBbA6Be4d97b89C605373b09942EA276Fc621b0,4549854818860459282
0x82dFc1ba818D43349e15c592474B3fFB21218745,4387734584808837823
0x2B97FDE8c7e1d3B2838dDc841c0b0E909Bec9C2B,4378274620867391498
0x71e1Ad1084B356FD0a4B2081FF209FD432C74409,4248101909613697380
0x309db58f4B1c7C3E5E3Bc81b492204C3e713EdE2,4185476559010206543
0x7572f7C345708da47686F24de05fd2b4d7868Ac3,4160547980848816607
0x73F9e40C70cbbC29EeF0998be37Dfa8096813716,4119461746719479400
0x594Df1F334b72709f9F80b4846cE54BA416eE2d3,4075499682305077087
0x72bf2dbC9D3a724253A05b58b906109E8C382910,4029004702301880236
0xc9152EEB8f57F6C3a247905dBcc205396d4E6eBe,4008975882879588504
0xCe343A834E755f9ee262400cab7863a2C9e3C197,3992084500718004580
0x9a188Ec3B8Ce08809BFd5661162ea381DeC14d82,3951474029651571129
0x8e97e11B13f240DBA275A5bCED2620a72948FD91,3739432003666542936
0xaB57a9E1a500eC0165CCDBc9577f40fD683b47Aa,3722473198771516500
0xDCF5551012ABd18aB1FC304e190495aeCbAB7c84,3695359414930410757
0x86ED8d965561418EC4FC347721baC919487c75Af,3673014070914188967
0x64eb1F2a5fe4f3324824C43C12e6Bc33f7A50D56,3546362689752779129
0x4A4BD61a45A132116b96a980E6B62d2100938ACB,3475689123697468741
0x47565257EEd238622B0EaBbF0Ed9982C5BB43d8d,3470577713420270882
0x0b9110f3e11c08dA185C8e53e4f73F406CF0d99b,3465679605061239066
0x0DA5A6930A15c1205e0ad2C93941F0dd03E0C3A7,3439351640812023714
0x01AE07f137DF957caCD5a02474019968c0eedB8c,3390606317773658063
0xe22C6aBc3CD75080648307821A83124fe4e146C9,3354308388745842695
0xEC968b19dA71b857FD0694C9F5740a67dd0BC576,3225756945051561519
0x3724c6B82edEe8b33EdB3F8A55954686c4CD82dC,3154059232644940813
0x15E73B9d210f3e127aa2F755c2e3305d5264d9B7,3115486708036875108
0x27D40470E2f049236396fc64665944805af624f4,3082525901537691126
0xCd21B66e843eD36690754954b070D1d95ed5A1B6,3077378877803417456
0xFA2ea98950997C2292175cc2E32C33acA4beE7e0,3069298763486552950
0x984061A332F0D28e3Ae8875Ac953e2aB38a4608a,3069271130246248980
0xbf5fa3C83F27CCc7e6076edC519C2F1901e019b6,3062686614791100048
0x5c2236DC7A282d722e5c6Cc100133065E231C7ec,3051959292424827552
0xa3D5ecb0b23C2Ee2AD621Dba91cf4Aa4522b0dA1,2997350005538221396
0x452B4e9696283755C21643cde5b5a5A49d6051f1,2996533588862735797
0xbd8eCC4B5773bDa53E138E766bbe009B13eeb2Ed,2901977643544685126
0x4e1062CC667020Ea4e0a7aF355E6a049A7dC6D09,2882216984472957488
0xDBEA4200B1425FCB81F25058B06a16304742A46F,2845558270940186762
0x6B2ea72Ba8A7346cEdd2Dd5dC1476eA8df0B57D7,2812615868588233869
0x57e6e5f3085a24A2614a68c65904382abce4Bd2f,2786670093558505812
0x51410E5C286D62cB886e7B02932407106fa20B57,2778400541209243624
0xa2cCCe85DF3DF15f209A7B77A36Ad99D720e047a,2714268815839678606
0x4787A26F78D08953cdfc5A821DBDA67b568C2FaC,2697843476719406386
0x6375D55d4f4861610A96b145D1CDc597BD3AFB01,2694042275344120441
0x292131a8a2b7e879467Fc95E0Feda143E42F73B7,2660706092776102150
0x251529cb98Cb17beda8963d4C742a7E791240768,2643710362913136436
0x2c64a1D5D602E7Fb6d21dA6211DceCc6E17a0649,2633439977232732154
0xd7E5a491485Edd8a86fFDA71b65d5E14cbB007D9,2589952826523359342
0x5Aa71d7C35c2563eF2cB819FE5c359df3e3f5C24,2558078439678475036
0x983039A73042005cF50D814BD2548cB4eFc697CA,2502660345637899741
0x37403db50E79631838cebe89a62FE2B34C31C184,2476803765559507209
0xF68d4b506ED84e4c9F30652dA9c511A32Bd1A192,2459100216314899612
0xb6aE0a5735f5Bce833e3696927948029Cd9477Af,2451792571784088715
0xDa86c63d30A5d7ab07F4C2275d3063d2574Cea6d,2431514836441531102
0xb87F639674bF7d185F55924A2f90dd0eA4741d7F,2424213612530028872
0x831a760573DEE831c9758B98fc75c48b1D995C30,2421978405258270239
0x7c9383F6AdF7Bb4D3b2db430867923Dbb59C72be,2416170261311854972
0x3EB3c7ee105Fdb1b972cf33790b07CfB0307e276,2414333937271844643
0x4aD2D0fA9207c5B10EFf8bd81444e4d7CE89F1CB,2388692125714729109
0xFE2575C6402E56FA977651Ea30bBFA0d3B4aE578,2364772063385826684
0x72933f37b57Fe5D41632760d916E7BBe23af8C2D,2321851308364168087
0x2Ecc1882246674aa76c4656CFA5E1B6bbecCaA69,2243204252094090467
0x7AA6FC0eCec21138A68D4BeB6541156bE38Aa36c,2220337537172406339
0x1D9EB67C6924C62487Bf0A3982eD6281190cFfCe,2215718427293220216
0x6CAb6030C20aE4138751784993DbcdB210537B23,2203658961400633665
0xb219DF61517A3eCbaD351c9fa458E76360fe81eB,2203532021811567709
0x0f4f626201C508D5F02bA0161A618a6741D1760C,2188999060736497970
0x5916F6D9775BDCf2bd1b3017B85deAAAa3BAf170,2181424897719775213
0x7ea1Bb15c6D91827a37697c75b2Eeee930c0C188,2179201462722629046
0xBcCFB5dC679964c72E8b8C8c6fF2Dda7523584A4,2168992916423247763
0x4FD0ab3E0ef3FE88a97bea3ba0a98e8a1AB40547,2160450351586710394
0xB9eE6Aca9Ce821d4804E0c657EEC932Ce9fEb46B,2137854766195682821
0xd574A671F0884b603C0a50FDC17F0e34Bc206459,2131097970785102103
0x37A246C5fAa6928b6Ec58746255dAecFb5B0a981,2123284945110856192
0x75C655BEC0Db3Fa05c8b2361Cd314E05110c56Eb,2092767182504799095
0x4340E4087015B05E962e2877Ad85a900083b9CDB,2045403765758047498
0x81Ba93B26bCe8cA5d649B6607DF15E6D45462D8F,1998702390777329363
0x91163021e07448aA82f473063B422EF9332C9D3A,1990339891533382310
0x9000Ca078D63ddD956a23f3b47bAc6afa4E6ea70,1988269855583444379
0x4C3b07d67809862c6c64e65440eD8a1FC726FB8a,1898539171300834383
0x9a5F3d7f59Ce3E29093E154711c24d8A1C8722AF,1888007851840465934
0x9A142cA473aC93B8EdcDB385C2d14faCaA5AEd43,1868452995396546079
0x8A084927Ce95d7a1cdcdB77c307b87eB6aCfF663,1859904332540535554
0xa5365C163A3953F3a1595DF93Bf461a61B168eA3,1828601384806899821
0xDA254292EF0a96b951EF67DB0a23F157c5b9Aa56,1825926454999985182
0x81EBf134483D5580A4e7cF52B2798d22aF1E9051,1824560494536412003
0xA35c3fB06b17Af73b1b385144d47cf7f4624ae6e,1799022055298655998
0xc8a5CE9ea6716B04F8c971b591DD0611318ec9D3,1790425546994689698
0x00ba280c55643f707e23376c948BE41b5468eF58,1753120605477349159
0xE5Eb894613Bf24BE93da5896eC02F43C90E09959,1720963824349020843
0x497c962a39F7f028fF69F5564eB4F3067F1a3a3C,1714440426100626746
0x18Bd46b20Af2AF1F1A4ce78C2F1dff4430d660DA,1704898219256187009
0x3F973ba2936C3484D04B1E5f8367D6b8079E4752,1685669169452527871
0xc52baa62773dD5c66C88525ce84FA4a568Ac9620,1683961675747890796
0x40Dd621a6f950eF5D9B7b395617354dA789B32ed,1679949582072049807
0xEA10AB31215f5aB1dCA5C08C82ff4Bec80288DC5,1649151031099841624
0x304B8fbC6A941B38DF399a01B550F627643309CE,1646548519533535204
0x30813083F3578E21617b0b74C3042743F7E6A9AD,1565703636649945274
0xc5115D9D85256cC93836189D21d23729014B9Afe,1559093516308788452
0x5bfdB1FA1f81161ec4271fE21F5c8B2662e3F22D,1558432108916194769
0x39B300125b23945E1AA44ceB2648c66f453b0BcE,1557796728712118606
0x58EF6e9F01993866588D0b2B563ae28C67db8d4E,1545993073731056544
0x6181681FC2549aBE6D47E6d6d3d9419327c2233f,1543610219257226968
0x9b6D9b55346e059Fc821EEB0d5f7da11a1278960,1515284313798687554
0xE1a9736E18fFa353b67A8797bfD93852E28250f6,1513522755755764226
0xEB4576fE753DAB07635c0Bb6c8f0A355e1Db5d31,1507504395281843657
0x7d9EA6549d5B86eF07B9fA2f1CBAc52fc523df65,1500742342674646901
0x99EC2540eda2E8dEE07B1e11A8B9F3d0Bc4267bF,1470337625172069007
0xf7e67601AAE3C67821d7Df016C99b942bb3cB011,1464442355644681948
0x31De6F005755b6d32375aDCa6E78a343967060F0,1456951864488284398
0x260C6b3A99927EcE35A4EC78Ba6C2c4A46303832,1434902828373213701
0x25caBdB23164ee904981Dc58F8769fC9D08B9694,1424078591602220945
0x6c2693F5a936f37eD03CfA8465bF2D8BEFf19A0f,1413505402122429810
0xE8176e7F80845Bf155cc02c26899344c0EbCaeb8,1403871177423223537
0x4BC9b68c77A9CD6071A21c6d9d4AE7f2eE921960,1373856932288176180
0xC6D959532d3993572Abe100f696218DDF05B0829,1362574505756135590
0x285AE8C93BB1fbC5AF7203b63dB7752a0ef741d3,1355150414311727447
0x3e97b8dA1E88C8A318069A8b35DFf8a7b20df636,1310801586697520005
0x3a6fA3E24821989BAE64CC513CC9B18ef0fAf92b,1298658022691149494
0xb8ddBb09Bd7D48502969c42041C9c088F3662116,1296065647900276785
0x9650ecA8d1a0c28956Ca0889274A8f79F6322D83,1290936921711618446
0x6e132fb51d183054f63c4b2c879480c1a319414f,1283638386827870681
0x1aA25aBC0f3A29d017638ec9Ba02668921F91016,1255467215760128763
0x86abD6D0a5c3ef284De9cc244aDa0c8bf82490f2,1161567627703667505
0xe8F4E13EFe4d517cC9065415c08895B590dd2a28,1159258993201426780
0x2fc9896cB056Cd3F28716Ada06e509a1C8fED40f,1145316151156336115
0xc6D07EB2C939B146C31e24616cfBF9ebb3baBd14,1138487290213374470
0x26A067EE0CC1d5D598C685e7532Ac1b4c83Aa612,1137300858851975294
0xB4Fa76F2F1A09830422f05DF8A7504248D074AFe,1102832166132085678
0x8DAcE19FE85e4049be16A8CB010b83Be9A7250C5,1091261500774944215
0x390bD777a4F6019d449c92b94EDE1a2009A7d74B,1085860487106720118
0x51E947D2F1b208ba817c53C39Da35AB942143703,1057911924841441031
0xda0f0CcdfF2180ece3e790Cd705f94c94f53c57F,1000130935682067790
0xa8B285253cfFbbBBE5D1119B5fb486BAeEA369d2,998998680062418321
0x650808fD0136FeD0E535146C900a3EF04B23a9cA,997335220698481240
0xFBb4731a85B06Ce2a7E45B58CBf5c0a0D1F7b33d,994551038436352841
0x9525bEab95981A77185293D4059F7566083c9664,984059274889751978
0x53D9bF0F29d090A6dFCc8Ae881B5097Bb98FBEAA,972200132439065778
0xF39DfAFA74F1c453Bb8f06e94eEf939155EA79C5,956325859678598067
0xdc9dD1C77FD9897D33D67F78FAE594FaA0c6adb6,949735386164950901
0x15B979FF00F07FB1ECff0fa24A2D05DF9987a60a,947804591961666887
0xf7d15787A033215080C5b5921f696022cEd0089C,943248922519127508
0xdA1Da5Dd5519d4C1947aFC31B68EAcC8dc1AC421,933218138492889260
0xb92eC3280324526dCc2366E3273fAD65fE69245d,926792620133798484
0x568f987a963A029E2407eE789Af966532F65c737,914437110216284821
0x557cEE07243d4E188535C857F20324BaaE270E3e,904535969501936044
0x5e6d2d8460cef37d109F1ed520D03DabcFbB32B2,890289806430520470
0xAb66149C9cCAE0878dA9920A1CE6C87d66624396,873246353030665001
0xd8E5f8F2630d304046e02E28d2af9b1a59BeAed0,848665842649774294
0x4830036f6764d8FCc8e0c48598D2Af86aF1e8c50,835990870410455833
0xeA3Ff4dd463f923B367Db4aEd5f921217a102e7F,814361795413695577
0xc6327E82c9Aae15eE912D0f4c01Bf12E2e7069F6,784158547779637893
0x0A02a01b02Ce6D726DEDEE2646c36AB4ed9a46A0,770832527358386366
0x351e7B34f38316543B798dea321E4Fa91eC6EEcE,754847291375432272
0xec17c56B3606ca9517bC8b640F93acD48aD06217,748705259164090475
0x7841A49697BB02388D4cb134f3271fECae8FE908,733486626118780127
0xFf2420a08B4CbA07A79953bbDF131788CB36F859,700518090167579377
0x4615C12A57B9ACdD5e4D6aaE100d952440Cf2177,677787749891944125
0x9D3C53321cFA9D08660aD32e09C7Ef2625b16E67,673720004196272204
0x013051b194640E617a1B72c9A01bb8477dF82b39,664777071604155001
0x4e6FF0eCB647bB5C49BA5bE891fDe2d482FA9D03,645308851452637500
0x177d4763820fBAF29872F9EF7ecB3Eab19DA3257,638599529579592651
0xC50e99126940F1B9E78E1a6E17dAD4CaBCf8cE8c,625377939102663372
0xf6C194741FB1F723FF5858a18d5D4ab254c4544C,624766025308363449
0x0D421b61B42433876cDE49D84f46757D4a633199,613715911762602206
0xDE82F403bE0f6fFc7ecBA6a0Ce7829CfA584F392,595550575770431467
0x76106A6bA616C3E62A6b24397EcBDe41B7d89C70,498139104887911022
0xeFa0C9eba30bDe3ac07699322417AA0138Ce75E3,464745527204639297
0x4aE50051b8dc10d8501041e2EEa93341DB29B52c,430766747118345394
0x5F915DD361ab43f1b705Cf5C30C67e76a15Ce8c9,349998708988342178
0x9477db411D4A831186731Ea2aEd130979C790F9c,345091813285519633
0x63EB09403356E72037074D36882Db0f156c8A4B3,341932088634843256
0x4b15699dcdaD9E0585235EbF8E08fDf86588C447,278145442161113865
0xD77a196F61aF9bFaFA4064ee21aF429D9702502E,276438146643347149
0x5132Ca0aA8568094329bFEC91adc6D7063eDa493,247432365128397641
0x9BE3f302F096E9AAADB9aBF8210a0CaE1E93d3c6,243758443395870217
0xfefe2cD31aA8f10c469B6D24f2d2b16CDB066E78,240154534498252470
0xF9cD810B52213c89B7f73a2da4d1260B65Fc45D5,240101759158406480
0x13762e5743De442F1ddCbFfeE7281EC2BE029a5F,234337462059018953
0xE8afe050f0bA016C9A26023dAfBb4FF06F12db63,215342921568294654
0x465B39B9d62ff295c341B06eb77E19dAfF6B43FB,206245931980557268
0x5729E7d0bd3f72B0eD4B502221d9887FD56fCA86,135910710753612246
0x9750ddC8b30eAeabAD1b20e71167de9BD776B080,91833737442935298
0xd9be0e064A936776803D9325C32aC467dbA19904,89756174352271179
0x4AB88515Fd84289d8aaB1464753775e90695e944,70169528766772460
0xc88533351059765F165A3B51f1a5d2B8dFeC3c08,50852761711493152
0x7f0A8ff09f58cD8F7B497276101cCf332190580A,34477830062877732
0x517e74F975f956f36C4fE8Bf908525eBEBA96F5C,31614528710380001
0x986Ea0eCdD45b1844b5BC7835c27efe967E47A40,15242701422774162
0x64739640e38F55e6Bf1e72a3B10405395F71FB45,11976479977637787
0x8a974cC398fC5486342c145947612484185dAD2b,446871280439369
